Strategie,Moyenne Cout Communication  
S1, 0
S2, 0.121555118110236
S3, 0
S4, 0
S5, 0.121555118110236
S6, 0
S7, 0
GT, 0
