Strategie,Moyenne Cout Calculs  
S1, 0
S2, 0.107097077981531
S3, 0
S4, 0
S5, 0.107097077981531
S6, 0.0535256494101028
S7, 0
GT, 0
